,0,1,2,3,4,5,6,7,8,9
0,5.403601,5.3020277,5.3159575,5.4079375,5.3339148,5.42588,5.389429,5.412676,5.4207044,5.368497
1,5.2887206,5.207016,5.3023667,5.3448186,5.2633643,5.3262043,5.3430605,5.3361025,5.344797,5.296799
2,5.284823,5.23857,5.2975388,5.261772,5.2105317,5.228098,5.283142,5.278257,5.2775497,5.237811
3,5.2538447,5.300475,5.253883,5.231455,5.184543,5.222853,5.2553844,5.268526,5.242674,5.2044783
4,5.1451373,5.2175426,5.1670794,5.1551194,5.110725,5.112887,5.2154446,5.180326,5.158746,5.119481
5,5.165169,5.2314816,5.185849,5.160952,5.1232944,5.21915,5.2272983,5.177184,5.164737,5.125334
6,5.150244,5.2039847,5.1684437,5.189531,5.111284,5.107462,5.198728,5.186868,5.1490955,5.1100254
7,5.1392794,5.178714,5.117388,5.137767,5.1067486,5.1605353,5.1871448,5.2020493,5.1403646,5.1003776
8,5.1312284,5.1339593,5.102756,5.1090093,5.088012,5.1822953,5.1640315,5.163777,5.1392584,5.080259
9,5.1123657,5.0676765,5.100129,5.092384,5.05834,5.1514306,5.1166573,5.148424,5.107358,5.0501165
10,5.030178,5.048201,5.034434,5.05502,4.980401,5.0430617,5.040837,5.060323,5.0061865,4.9698915
11,4.939478,5.0558276,4.9992466,5.0058026,4.9422874,5.0317836,4.9617877,5.0186286,4.957403,4.9264593
12,4.963787,5.0463634,5.022016,5.024909,4.9631414,5.061269,4.9891043,5.0026283,4.979783,4.949851
13,5.001164,5.029997,5.0247784,5.0248976,4.967328,5.0521855,5.0013585,5.031162,5.0038924,4.948823
14,4.9984727,4.9812613,4.99775,4.99527,4.9398017,4.974377,4.998005,5.002433,4.99896,4.9249597
15,4.967617,4.9803715,4.978733,5.0286393,4.9503593,4.9361544,5.015002,5.0009212,5.0060754,4.933687
16,5.0206676,5.0059114,5.0748425,5.045223,4.9666753,4.9944763,5.0224175,5.0436935,5.023358,4.9554605
17,5.038636,5.0207405,5.0789156,5.011205,4.9564576,4.9852166,5.041692,5.066645,5.008799,4.9462843
18,5.020063,4.9989924,5.045347,5.000583,4.9228563,5.005811,5.0158806,4.995495,4.9684944,4.9169416
19,4.959446,4.992321,4.956826,4.9713335,4.9202476,4.9502916,5.0208316,4.984006,4.9665165,4.9084725
20,4.9889607,4.9904385,5.013313,4.979422,4.9219327,4.978774,5.0227036,4.9914265,4.958212,4.9089136
21,5.03992,5.0012097,4.984698,4.989088,4.937788,5.0380864,5.0312877,4.9937487,4.9860926,4.923388
22,5.025913,5.04331,5.025845,4.9649844,4.9410367,5.0464516,5.0393705,5.041813,5.0025206,4.928308
23,4.9972377,4.942009,4.986535,4.9519706,4.90381,5.006466,4.987423,4.965637,4.9556794,4.8879886
24,5.01091,4.960458,4.9763365,4.9743795,4.904694,4.9944696,4.9943056,4.9865546,4.9507775,4.890113
25,5.1337852,5.0604396,5.0681868,5.056821,4.989254,5.0992084,5.1205106,5.064315,5.0086675,4.9724183
26,5.1263328,5.0933623,5.0748367,5.0452294,5.000663,5.090867,5.0693183,5.068344,5.023345,4.9884024
27,5.037235,4.9852347,5.0141077,4.9551077,4.9168463,4.9744024,4.9973407,4.974554,4.9439874,4.913133
28,4.991122,4.983616,4.960336,4.9400387,4.899638,4.9424505,4.929409,4.944314,4.9198666,4.8926063
29,4.9829674,4.960064,4.9632335,4.906676,4.900176,4.9135976,4.918588,4.9417963,4.923164,4.8879895
30,4.9466257,4.9693646,4.902061,4.8744707,4.8758817,4.8971267,4.9194465,4.8909826,4.875127,4.85422
31,4.9330516,4.951755,4.9106855,4.8648067,4.8600593,4.8646183,4.901857,4.8897367,4.892726,4.8404465
32,4.921722,4.958358,4.8769403,4.8951855,4.857295,4.8640194,4.917012,4.8888674,4.8806043,4.837376
33,4.890973,4.915421,4.8645024,4.870434,4.8410244,4.848047,4.8921065,4.870543,4.8804784,4.819734
34,4.897482,4.9109383,4.857805,4.8706503,4.837921,4.8878355,4.8572016,4.8892145,4.84263,4.8182735
35,4.915166,4.907595,4.9363832,4.8633647,4.856581,4.8925548,4.889821,4.903576,4.8729258,4.8349757
36,4.8636827,4.91113,4.811041,4.886919,4.8330555,4.8757486,4.89106,4.855388,4.854856,4.823088
37,4.8507442,4.858137,4.8113265,4.863718,4.8026853,4.8101206,4.8048697,4.841624,4.8294353,4.791059
38,4.8628426,4.8735867,4.867352,4.786556,4.7871847,4.816519,4.839035,4.818897,4.814124,4.7775865
39,4.8406816,4.833292,4.8352995,4.798682,4.757802,4.8082705,4.780492,4.7958107,4.788853,4.745425
40,4.7902017,4.863098,4.7880993,4.754657,4.761298,4.75099,4.770728,4.8205323,4.805728,4.748148
41,4.8197565,4.8722615,4.870019,4.8596497,4.7905536,4.8369884,4.8347116,4.8329954,4.8311872,4.7760377
42,4.800658,4.8421144,4.79801,4.823033,4.7736487,4.777636,4.805448,4.8106966,4.819027,4.7604203
43,4.7883077,4.825652,4.801011,4.821502,4.7646704,4.7721395,4.82939,4.826601,4.8111515,4.753988
44,4.8046975,4.800018,4.8209877,4.8262196,4.769758,4.7821193,4.815331,4.8462696,4.795298,4.7593865
45,4.798478,4.7643933,4.8120084,4.8096976,4.7614627,4.7561803,4.816459,4.832173,4.7795653,4.7487764
46,4.7876534,4.783183,4.726242,4.765624,4.750033,4.7590256,4.7990565,4.807989,4.766235,4.73462
47,4.774609,4.8201046,4.7412796,4.796377,4.7417994,4.748658,4.779075,4.776472,4.7583156,4.725005
48,4.796657,4.8931775,4.8266473,4.7796974,4.7632713,4.8065763,4.7823725,4.799459,4.7802606,4.745508
49,4.871419,4.928998,4.8656373,4.8590775,4.7971215,4.832152,4.8645086,4.8273845,4.833318,4.778347
50,4.85137,4.90181,4.83071,4.851689,4.7925324,4.834533,4.80867,4.882075,4.8367553,4.7786365
51,4.797922,4.7696133,4.81059,4.807759,4.7458735,4.7741446,4.8096356,4.796068,4.7741933,4.731859
52,4.799811,4.8404737,4.817821,4.791306,4.7412567,4.839439,4.7938423,4.772156,4.7907414,4.7279353
53,4.840916,4.814234,4.788595,4.788503,4.7699738,4.833235,4.8464932,4.7975397,4.7861843,4.753801
54,4.8757806,4.839379,4.871935,4.858821,4.808902,4.810631,4.845008,4.8267183,4.8361387,4.79738
55,4.8859296,4.8272343,4.855049,4.8389616,4.815425,4.8341103,4.835414,4.8474197,4.838868,4.7965655
56,4.882743,4.821841,4.882059,4.8395743,4.815742,4.853552,4.852932,4.896269,4.831789,4.801574
57,4.881537,4.903672,4.887803,4.816147,4.8124695,4.8512273,4.8469644,4.91177,4.8436165,4.8052697
58,4.8785014,4.8357034,4.857664,4.86172,4.806638,4.8383822,4.8589096,4.874536,4.838216,4.8017
59,4.907118,4.858892,4.896525,4.839726,4.8160114,4.85287,4.8732185,4.87218,4.848186,4.812361
60,4.898281,4.8701887,4.8354454,4.8752503,4.818331,4.876871,4.878258,4.8747754,4.8393717,4.819041
61,4.8323975,4.8211107,4.8062572,4.8087406,4.7825723,4.8194103,4.8311796,4.8381877,4.8286743,4.7892623
62,4.8459816,4.838933,4.807211,4.8423176,4.78749,4.845861,4.819515,4.8412986,4.83132,4.7971635
63,4.973951,4.9342804,4.87063,4.89573,4.85829,4.9077363,4.9487762,4.9255204,4.942739,4.8697243
64,4.9864173,4.9531407,4.9636955,4.9004393,4.888983,4.951158,4.9197555,4.963016,4.921981,4.913858
65,4.880382,4.90593,4.9024425,4.848991,4.8302107,4.927897,4.9354706,4.9067035,4.87006,4.8545456
66,4.9225826,4.926896,4.9264193,4.879026,4.859046,4.9226475,4.915124,5.003396,4.9234595,4.888286
67,4.9368486,4.961046,4.933482,4.9074183,4.8882093,4.9987283,4.962515,4.943652,4.9316707,4.917734
68,4.9402256,4.951094,4.9223385,4.901493,4.8836184,4.979003,4.9523983,5.0226984,4.946698,4.9109774
69,4.9447927,4.9722195,4.959979,4.935144,4.9085126,4.9513965,4.954157,4.972874,4.97046,4.9340863
70,4.9649053,4.9502187,4.965511,4.9197316,4.8963366,4.9263372,4.937585,4.998397,4.957754,4.9183264
71,4.949472,4.9454665,4.9640765,4.9233227,4.8915963,4.927465,4.9394894,4.916207,4.9531136,4.9132123
72,4.920475,4.895454,4.8829184,4.8920813,4.880003,4.9052806,4.93621,4.9423857,4.936648,4.8982496
73,4.8723106,4.8660765,4.908726,4.881292,4.8524923,4.90794,4.91473,4.8769593,4.906071,4.8665476
74,4.8549294,4.89304,4.846905,4.870276,4.8420906,4.8940673,4.8947554,4.871644,4.890882,4.855245
75,4.846162,4.890854,4.842756,4.862005,4.833897,4.915508,4.876958,4.866913,4.8836017,4.847539
76,4.842188,4.864794,4.8407135,4.8302526,4.819355,4.883835,4.8770933,4.8667336,4.870927,4.8356977
77,4.8679433,4.8937764,4.86359,4.865837,4.8374324,4.9042234,4.8241725,4.8905635,4.888357,4.853925
78,4.8605347,4.8967195,4.8596973,4.8604727,4.8312516,4.8744817,4.8844514,4.8846436,4.8852882,4.8492274
79,4.8800683,4.9009824,4.888671,4.8644457,4.8577304,4.922537,4.8514895,4.9156036,4.9114065,4.875842
80,4.946936,4.9348235,4.924961,4.923415,4.891293,4.934144,4.9405193,4.943069,4.9289923,4.913664
81,4.967198,4.955304,4.962682,4.9518294,4.921821,4.9933257,4.9286036,5.009191,4.9863625,4.9484572
82,4.9266715,4.9344006,4.987303,4.921165,4.892296,4.962903,4.964459,4.9929624,4.937598,4.9240026
83,4.8975086,4.8783703,4.9666853,4.896103,4.862183,4.92319,4.8806167,4.924101,4.9312825,4.8923903
84,4.9007134,4.8953757,4.9561257,4.8928103,4.8811064,4.941627,4.8943458,4.981183,4.9426813,4.9126945
85,4.9318695,4.890203,4.9731193,4.912602,4.874507,4.9145584,4.902377,4.939583,4.931368,4.9001226
86,4.9652643,4.940126,5.004918,4.930303,4.9052653,4.9576974,4.980555,4.9968076,5.0009723,4.9331446
87,4.976641,4.9591737,5.0296707,4.9780664,4.9335504,4.974917,5.0070267,5.072488,4.991831,4.958772
88,4.9763784,4.9380627,5.0059714,4.9681706,4.9183736,4.9607368,4.9789953,4.974985,4.985065,4.9451857
89,5.05349,5.0101566,5.0339775,4.9719515,4.9603896,4.9909234,5.0367537,5.060828,5.0229626,4.987407
90,5.058695,5.0368924,5.050482,5.026935,4.969724,5.0444875,5.060987,5.029601,5.037893,4.9968953
91,5.05325,4.995419,5.040965,4.9900346,4.952376,4.992236,5.060498,5.0117173,5.0188437,4.982414
92,5.0526223,5.0153594,4.9927373,5.0042377,4.9644012,5.085769,5.044134,5.020449,5.03131,5.009305
93,5.2410383,5.1525564,5.1003466,5.154933,5.0643396,5.1607885,5.1819277,5.1465335,5.187349,5.0978146
94,5.2655797,5.145894,5.1286945,5.1725826,5.0815363,5.193695,5.203379,5.214385,5.2315426,5.1159964
95,5.2857533,5.215532,5.1580505,5.2199864,5.161106,5.271483,5.2760687,5.2937255,5.2716937,5.219119
96,5.3078346,5.208528,5.146324,5.225076,5.1570764,5.2348013,5.219366,5.2555447,5.285339,5.230091
97,5.2456417,5.140421,5.1211987,5.2480674,5.177381,5.252067,5.231686,5.21422,5.2797394,5.2422776
98,5.217218,5.1650543,5.1864967,5.2069917,5.1575837,5.224619,5.2136803,5.32347,5.264467,5.223147
99,5.1798587,5.1329403,5.113359,5.2046633,5.1512,5.2060013,5.187104,5.2144637,5.243832,5.2126284
100,5.1160517,5.079826,5.139498,5.1559644,5.1013,5.136244,5.1252637,5.2226615,5.1982,5.161263
101,5.119627,5.025526,5.154049,5.1390157,5.087613,5.0994816,5.133293,5.144322,5.1896296,5.1426764
102,5.0361524,4.994302,5.096345,5.0614157,5.027627,5.0299387,5.047594,5.188468,5.1190543,5.074144
103,5.017642,5.016044,5.082614,5.0411587,5.0120554,4.9649334,5.045735,5.1526203,5.0976458,5.0527043
104,4.9793324,4.995343,5.0681543,5.0324273,4.99619,5.0043936,5.019916,5.11857,5.0738487,5.031665
105,5.013791,4.987036,5.0542626,5.0339746,4.9985766,5.0658884,5.013026,5.1761327,5.079094,5.0357475
106,4.9645643,4.973718,5.040302,5.0153565,4.9809294,5.0255938,4.980014,5.126234,5.05918,5.017454
107,4.9759564,4.995736,5.053166,5.0151753,4.9829874,5.0171313,5.0383735,5.053141,5.0590906,5.019843
108,4.9544086,4.9700866,5.0191116,4.9814715,4.9515734,4.97177,4.96876,5.0247297,5.010742,4.986692
109,4.939685,4.93784,5.0012136,4.960719,4.939552,4.9734845,5.019702,5.028932,4.9977903,4.967724
110,4.9358816,5.0145826,5.008062,5.001824,4.945209,4.9712753,5.012915,4.9995065,5.0014124,4.9741726
111,4.93074,4.9842944,5.007966,4.9657903,4.945342,4.986156,5.0702605,5.0607386,4.993352,4.9691453
112,4.8086166,4.877752,4.922221,4.8873396,4.8658876,4.9052496,4.9223056,4.9453444,4.9020963,4.884494
113,4.8467884,4.893492,4.9658523,4.8913145,4.885136,4.8942204,4.9703555,4.961233,4.961698,4.8949924
114,4.9187284,4.9432855,5.0145617,4.963341,4.9159226,4.9073257,4.99522,5.0403275,4.9650297,4.922746
115,4.9307275,4.947077,5.0048804,4.9717145,4.917619,4.945339,4.9250784,5.051484,4.994685,4.9186835
116,4.910857,4.9562583,4.9719553,4.9623785,4.9100633,4.9207964,4.9701357,5.0065374,4.976412,4.9135942
117,4.968804,4.9811254,5.0323124,4.952294,4.9350657,4.98995,5.017965,4.996379,5.0142035,4.936846
118,5.0595613,5.0791354,5.026113,5.0101695,4.972885,5.089517,5.0262046,5.054718,5.050388,4.9753137
119,5.074598,5.0975423,5.0014434,4.9744077,4.963784,5.1015725,5.0874977,5.0487747,5.046552,4.9734793
120,5.0848475,4.9925766,5.042214,5.02937,4.97641,5.060572,5.0431786,5.0431814,5.0286174,4.9892797
121,5.1021028,5.042062,5.085698,5.0537143,4.997901,5.118871,5.154202,5.124785,5.0485945,5.012903
122,5.139813,5.1044087,5.087508,5.0805783,5.0245376,5.0769005,5.1091466,5.0955005,5.0694456,5.0471478
123,5.2151957,5.120517,5.141999,5.1309786,5.084946,5.1394405,5.247086,5.181264,5.1246448,5.120163
124,5.204291,5.2065587,5.1377764,5.0742865,5.0588365,5.1935964,5.214346,5.193866,5.105115,5.0805907
125,5.243324,5.20064,5.179524,5.1334596,5.090437,5.244908,5.2348223,5.24136,5.139493,5.113646
126,5.2472897,5.2012277,5.1882463,5.1603627,5.107315,5.2366843,5.2487345,5.1810045,5.147827,5.1259303
127,5.3347726,5.235161,5.272148,5.20177,5.1935735,5.352372,5.3223233,5.2862363,5.256593,5.2139373
128,5.313749,5.216441,5.1922274,5.2203784,5.197355,5.3999634,5.2518744,5.262653,5.2483354,5.2121305
129,5.3687716,5.2526717,5.2657523,5.218201,5.205917,5.377303,5.2801824,5.2739124,5.2645454,5.2195234
130,5.2712116,5.207112,5.190366,5.216204,5.1922092,5.355406,5.219326,5.20139,5.2367554,5.201381
131,5.2059,5.187987,5.1769724,5.1688213,5.1383457,5.167911,5.211479,5.2050033,5.1806364,5.141736
132,5.2141943,5.167675,5.1591625,5.152324,5.1277986,5.213113,5.1772766,5.1489983,5.166354,5.1292152
133,5.0912857,5.139197,5.080559,5.109394,5.08799,5.1074944,5.184098,5.156527,5.118048,5.0801315
134,5.039298,5.057965,5.039395,5.0618505,5.045023,5.1051345,5.1196856,5.0618305,5.0673866,5.0326667
135,5.0891733,5.1231503,5.0963693,5.110228,5.0868435,5.1259727,5.1363835,5.118616,5.121493,5.073304
136,5.0337853,5.0851865,5.062709,5.075068,5.0562825,5.088741,5.14521,5.082959,5.0713716,5.036507
137,5.095458,5.0772285,5.0993075,5.101952,5.082941,5.1041217,5.030277,5.1178985,5.0984817,5.0624094
138,5.1749415,5.161025,5.1390853,5.147307,5.12433,5.1369147,5.0975804,5.166486,5.1470947,5.1057906
139,5.1238046,5.1482787,5.123809,5.1378446,5.1071815,5.112184,5.129051,5.148599,5.135541,5.0919914
140,5.084594,5.1006765,5.104854,5.110037,5.0847435,5.074794,5.040948,5.1237464,5.1148233,5.07145
141,5.0619864,5.1133637,5.104291,5.105414,5.0799136,5.076124,5.0285954,5.152387,5.097565,5.055207
142,5.204919,5.2081447,5.2033186,5.2556367,5.1746206,5.2639003,5.138965,5.192494,5.1938696,5.146561
143,5.224368,5.1991444,5.2201395,5.226757,5.2011538,5.2265882,5.1744604,5.2191377,5.220572,5.174885
144,5.1619487,5.166856,5.1897984,5.1895213,5.1687274,5.175397,5.2037044,5.254981,5.2082844,5.147193
145,5.4448743,5.35291,5.365716,5.375819,5.3445807,5.3953853,5.322031,5.417091,5.3716297,5.3184156
146,5.3480854,5.3546777,5.332603,5.3525705,5.317511,5.293855,5.378541,5.3401604,5.346517,5.292465
147,5.394054,5.3290024,5.2964764,5.3104873,5.272743,5.3024945,5.3399963,5.3100758,5.3099556,5.25002
148,5.5179586,5.4751186,5.4698715,5.468346,5.433511,5.505433,5.4348693,5.4863167,5.466128,5.411931
149,5.5939717,5.5064125,5.5312495,5.53138,5.486873,5.5317807,5.4950523,5.512911,5.513707,5.457784
150,5.595502,5.5080557,5.4629784,5.4864583,5.4342155,5.4137325,5.4739933,5.449202,5.479519,5.417426
151,5.571782,5.565113,5.5049896,5.539731,5.4850883,5.566017,5.5125494,5.521626,5.5304303,5.470102
152,5.6092844,5.638857,5.562191,5.593112,5.548235,5.518982,5.596533,5.5400352,5.5767045,5.524959
153,5.586178,5.601638,5.513298,5.5449743,5.5038943,5.523266,5.5068836,5.469705,5.5268884,5.4748926
154,5.555729,5.5601645,5.437333,5.5319114,5.48357,5.5392923,5.478904,5.4818864,5.5081115,5.4503903
155,5.661806,5.6330366,5.5233955,5.6149273,5.560405,5.5778666,5.600971,5.525541,5.5736837,5.523778
156,5.699101,5.6687517,5.578826,5.6611047,5.6112638,5.578837,5.579442,5.5174923,5.608458,5.568111
157,5.761592,5.745929,5.652538,5.720686,5.675812,5.6710963,5.6967177,5.689644,5.6543207,5.617203
158,5.775346,5.7625065,5.6832004,5.7539277,5.706523,5.6817327,5.6578627,5.707263,5.70387,5.6487236
159,5.790776,5.720999,5.6981945,5.7630124,5.7145295,5.694859,5.706821,5.6757417,5.718996,5.662908
160,5.697585,5.674631,5.6150575,5.6832056,5.6311884,5.6035795,5.6388216,5.6268663,5.643174,5.5888386
161,5.703641,5.6201944,5.603894,5.67235,5.619477,5.560014,5.5006456,5.612074,5.6119003,5.5811567
162,5.6518564,5.5139737,5.588585,5.6456156,5.610021,5.5886893,5.621003,5.5963745,5.6008735,5.5703964
163,5.7176456,5.6157575,5.6435175,5.693362,5.6627893,5.654094,5.611506,5.651618,5.641159,5.6184816
164,5.7629743,5.6973186,5.6924033,5.759982,5.716852,5.657007,5.5538683,5.6873045,5.6983795,5.660205
165,5.7548666,5.628422,5.710629,5.777809,5.729514,5.687442,5.652101,5.68182,5.7223988,5.6591573
166,5.727886,5.643407,5.6715765,5.7298484,5.6921754,5.611221,5.604645,5.6568484,5.66725,5.6318874
167,5.63644,5.567885,5.599016,5.659181,5.6218953,5.5988784,5.5243516,5.5653276,5.5997286,5.5716405
168,5.6017995,5.494339,5.5419464,5.6099577,5.575673,5.563667,5.5184493,5.5475326,5.59248,5.5237737
169,5.5960827,5.5465355,5.5224566,5.583537,5.559497,5.542694,5.4726562,5.49854,5.566375,5.5058875
170,5.5496993,5.561655,5.502067,5.567798,5.5431137,5.498529,5.4927864,5.5328045,5.579196,5.488114
171,5.577807,5.5607285,5.4942536,5.540187,5.5296926,5.485233,5.4792285,5.4892683,5.5463524,5.4762783
172,5.5477567,5.506575,5.4730873,5.5823007,5.510968,5.439451,5.5160327,5.4749045,5.5197234,5.4566526
173,5.59082,5.5135126,5.481613,5.5858893,5.5485725,5.4828916,5.4695425,5.573695,5.58156,5.4931955
174,5.5817637,5.5285506,5.488203,5.6077414,5.557152,5.5076118,5.4783397,5.5986958,5.5770984,5.506055
175,5.6338496,5.582947,5.5344243,5.6447687,5.589866,5.5073156,5.5558696,5.6060696,5.607217,5.533512
176,5.693471,5.576111,5.535882,5.654875,5.5961714,5.564163,5.5892406,5.6669817,5.602486,5.542951
177,5.6957316,5.581979,5.6874733,5.667469,5.5978417,5.5585976,5.5418553,5.627368,5.631707,5.556679
178,5.699195,5.62993,5.64024,5.6254845,5.5988293,5.5226097,5.6307926,5.6198516,5.6459723,5.55872
179,5.679532,5.6684084,5.6532264,5.622612,5.586345,5.5200095,5.6161404,5.6472616,5.6220765,5.5513988
180,5.656086,5.6013436,5.5981827,5.652696,5.5804524,5.5806065,5.587107,5.62378,5.6309195,5.5448675
181,5.5842752,5.589305,5.6114635,5.6174545,5.551321,5.5788484,5.564832,5.5752497,5.592981,5.514675
182,5.6003485,5.57628,5.6526823,5.6258945,5.5577755,5.5457487,5.6003895,5.5803533,5.6133175,5.522247
183,5.6931167,5.5451365,5.6738253,5.675104,5.5994277,5.589778,5.6690345,5.581333,5.6515102,5.5574512
184,5.6552625,5.6032133,5.6282616,5.648307,5.564499,5.544571,5.616596,5.6076856,5.6156993,5.5305753
185,5.609843,5.6222906,5.611823,5.5943007,5.5484605,5.546088,5.610736,5.6038036,5.5763917,5.5078626
186,5.546607,5.5722833,5.5684023,5.534858,5.5030117,5.4877734,5.5610614,5.5589967,5.531479,5.466779
187,5.559188,5.604356,5.4539423,5.56974,5.506144,5.4657135,5.5627613,5.530252,5.529022,5.468461
188,5.5432944,5.638341,5.446228,5.5571504,5.4942884,5.455549,5.535576,5.541545,5.5228076,5.4574614
189,5.496058,5.600578,5.403394,5.4936886,5.4526196,5.4696074,5.4452477,5.456612,5.48437,5.41185
190,5.4551888,5.5091147,5.405488,5.4711633,5.412201,5.38656,5.4520864,5.4155846,5.4383183,5.3758287
191,5.422516,5.4410872,5.3602343,5.4124813,5.366041,5.343796,5.355763,5.329684,5.41776,5.3247952
192,5.3640256,5.360578,5.3389125,5.352281,5.308771,5.273882,5.2953353,5.354547,5.355745,5.268396
193,5.3173113,5.2984424,5.347345,5.309416,5.2676578,5.232025,5.268585,5.3121033,5.265034,5.2221565
194,5.258455,5.234256,5.2404876,5.2767653,5.2153783,5.1882524,5.1907187,5.27125,5.236753,5.172561
195,5.281794,5.160179,5.250469,5.279139,5.215183,5.165354,5.1785893,5.2613373,5.237773,5.171892
196,5.1844015,5.212925,5.2477565,5.254165,5.1889853,5.1361046,5.1768475,5.2388997,5.1916466,5.146734
197,5.126229,5.10586,5.2308617,5.212016,5.1488943,5.086499,5.1032133,5.211687,5.195832,5.1066895
198,5.1075287,5.065393,5.187456,5.167281,5.1039395,5.0523386,5.0686674,5.185499,5.1149974,5.0712266
199,5.157655,5.0953484,5.184908,5.2307897,5.13312,5.0964117,5.154966,5.203817,5.169608,5.0983562
200,5.172959,5.1074796,5.198612,5.2095003,5.1441975,5.127659,5.114609,5.2181134,5.1619387,5.111099
201,5.182031,5.124801,5.213587,5.2550635,5.1559343,5.130756,5.1664515,5.2556934,5.145549,5.1238337
202,5.188532,5.1463394,5.220093,5.2650304,5.167406,5.1505833,5.1808157,5.234729,5.168989,5.1383643
203,5.227036,5.1686087,5.238352,5.2484765,5.186415,5.181898,5.181591,5.291872,5.1991925,5.1541185
204,5.2551355,5.1906004,5.3303003,5.232584,5.2045517,5.2100167,5.2353735,5.3115773,5.1989145,5.1738086
205,5.2143726,5.1618395,5.2666407,5.2225456,5.175396,5.1907787,5.25209,5.2834105,5.186798,5.148615
206,5.2070765,5.152623,5.2594013,5.1804705,5.1610684,5.174832,5.2143683,5.2485228,5.166536,5.134123
207,5.2174954,5.1708956,5.3273015,5.2085614,5.172295,5.186664,5.241151,5.260366,5.197574,5.142131
208,5.191762,5.1349907,5.2899156,5.1704497,5.135357,5.1541257,5.2091045,5.211573,5.159719,5.1057477
209,5.177314,5.1213913,5.273972,5.156732,5.12254,5.157339,5.164612,5.194121,5.1459336,5.092226
210,5.2326365,5.1593413,5.3061776,5.1951222,5.156428,5.1883907,5.2126303,5.2097855,5.1794357,5.1244774
211,5.2565084,5.2415104,5.3108425,5.220983,5.1767287,5.2052937,5.22624,5.2461104,5.205082,5.1470227
212,5.2267246,5.263519,5.2250395,5.1883445,5.1476884,5.17548,5.21157,5.22395,5.159588,5.1258297
213,5.220529,5.2774363,5.1888504,5.134601,5.134098,5.162145,5.1900773,5.220364,5.1457634,5.1131973
214,5.235786,5.291009,5.2153587,5.17264,5.1508923,5.1887655,5.2086964,5.2076283,5.1525655,5.1309233
215,5.222343,5.2610717,5.188014,5.158262,5.1523905,5.22181,5.2171583,5.219426,5.1588607,5.133476
216,5.188126,5.220902,5.229997,5.131847,5.1233654,5.1939216,5.1321096,5.1923747,5.1384487,5.1106997
217,5.15981,5.2586126,5.175971,5.12798,5.1049147,5.143427,5.139329,5.181037,5.119217,5.094503
218,5.1515756,5.19579,5.1660395,5.092533,5.089427,5.1175895,5.1331673,5.1446867,5.100586,5.0778446
219,5.166784,5.140566,5.1556273,5.0802693,5.080404,5.1276793,5.121007,5.168318,5.091235,5.069
220,5.171421,5.1486125,5.160098,5.1353464,5.087558,5.0946403,5.1139593,5.1402035,5.097689,5.073936
221,5.181779,5.1555185,5.167422,5.098552,5.096805,5.1211786,5.1472154,5.187215,5.110263,5.084373
222,5.2010417,5.187335,5.199015,5.1641917,5.1260533,5.1550956,5.16735,5.11283,5.137582,5.110566
223,5.2057457,5.1943645,5.129859,5.1054773,5.108615,5.1218553,5.117912,5.179545,5.1228857,5.095501
224,5.1528306,5.1600485,5.0690527,5.128141,5.089133,5.118859,5.1548305,5.103884,5.106848,5.074653
225,5.117792,5.160983,5.0626836,5.143642,5.0753636,5.0813313,5.117266,5.061422,5.118097,5.0633664
226,5.1387696,5.1519775,5.1264777,5.1578827,5.089744,5.174116,5.1571302,5.125583,5.1109405,5.0799837
227,5.146595,5.1514373,5.1424146,5.1617827,5.095702,5.138382,5.1563983,5.1530538,5.147689,5.087429
228,5.136885,5.1558886,5.096132,5.1553025,5.0921164,5.1859074,5.1389227,5.1079884,5.1152654,5.0822005
229,5.127538,5.103785,5.15794,5.156818,5.0866423,5.14118,5.155588,5.104441,5.1407166,5.078995
230,5.1462765,5.111674,5.0842204,5.1748776,5.0896583,5.174656,5.068876,5.119133,5.1482983,5.081798
231,5.149927,5.1284842,5.182061,5.1888776,5.1027107,5.150896,5.1224656,5.155669,5.1640944,5.0949516
232,5.17604,5.0940022,5.194748,5.1509576,5.1133595,5.2005525,5.147419,5.1556897,5.1556106,5.1056933
233,5.2036557,5.138064,5.075696,5.1759906,5.109507,5.1516395,5.122076,5.1575203,5.1533604,5.1063213
234,5.1561446,5.182789,5.176444,5.1480775,5.1094146,5.1467447,5.1689944,5.1367307,5.1477127,5.1070685
235,5.111051,5.1177735,5.172833,5.111034,5.0794487,5.126164,5.117813,5.1482296,5.107555,5.0804234
236,5.157484,5.2106876,5.2030935,5.1389103,5.106578,5.1342697,5.1720023,5.1520452,5.1341085,5.1043177
237,5.2039285,5.1952715,5.2297993,5.163397,5.1328654,5.1735106,5.229593,5.19753,5.1630807,5.131809
238,5.205686,5.2429194,5.183879,5.1657863,5.133808,5.143361,5.2089615,5.1725388,5.1661744,5.1337767
239,5.08221,5.098334,5.10784,5.057571,5.029013,5.1078224,5.1186485,5.1003156,5.0696945,5.03779
240,5.005787,5.0227203,4.93148,4.9719486,4.9594336,5.026212,5.030739,5.0267043,4.9975934,4.9612293
241,4.9654503,5.0262938,4.913143,4.940265,4.932722,5.0110693,5.007593,4.9991384,4.9649386,4.9322453
242,4.9624915,4.9700627,4.8964314,4.959215,4.9134564,4.960237,5.0011077,4.907188,4.9673886,4.9087143
243,4.915189,4.969908,4.8977947,4.9664173,4.9070997,4.9685345,4.977145,4.977105,4.9656944,4.9029584
244,4.85494,4.865792,4.8369184,4.935293,4.8447666,4.9140906,4.923474,4.8467994,4.9261885,4.8434186
245,4.745298,4.8399076,4.7773457,4.8659077,4.7748327,4.7862997,4.859898,4.809712,4.8490067,4.77774
246,4.7303605,4.794109,4.8117743,4.852634,4.7627068,4.779038,4.8739157,4.79693,4.8311877,4.7609763
247,4.694591,4.755713,4.7646804,4.812549,4.724269,4.7992406,4.6911206,4.8136344,4.777039,4.7162933
248,4.6855826,4.7158203,4.7754927,4.7937174,4.7108073,4.7262883,4.7070765,4.727537,4.779305,4.6953244
249,4.6629086,4.7039757,4.728942,4.7719803,4.690695,4.7629623,4.6890845,4.7452426,4.7542377,4.6720085
250,4.6633215,4.6948857,4.7637,4.7476163,4.6696534,4.7346144,4.672079,4.741276,4.7229853,4.645486
251,4.6603713,4.7076325,4.782848,4.742028,4.667497,4.7339926,4.6954136,4.7168994,4.712931,4.6388927
252,4.6522307,4.6954465,4.70355,4.71531,4.643899,4.6796007,4.682849,4.734137,4.6860065,4.613954
253,4.6568995,4.699659,4.6869535,4.70335,4.637525,4.686625,4.685534,4.683973,4.6731353,4.605222
254,4.6434517,4.694425,4.671705,4.691103,4.624161,4.682502,4.6820245,4.673305,4.661576,4.5938005
255,4.63193,4.679934,4.6562533,4.6699157,4.605319,4.673998,4.668723,4.655939,4.643132,4.5804563
256,4.599025,4.6506085,4.6670656,4.632679,4.570176,4.64713,4.647754,4.62311,4.6112065,4.550524
257,4.589919,4.6304927,4.631226,4.6036925,4.543209,4.63708,4.6326694,4.594512,4.584996,4.5265713
258,4.5798864,4.6127152,4.653961,4.5586576,4.526942,4.6348834,4.6230407,4.578851,4.563938,4.5086765
259,4.5639477,4.585837,4.5949407,4.5562625,4.4975753,4.612451,4.5990434,4.56667,4.531875,4.4806
260,4.540692,4.551793,4.591162,4.486067,4.4676714,4.5996947,4.570835,4.534167,4.4992185,4.4511786
261,4.506692,4.5349298,4.5508833,4.431973,4.452468,4.5718307,4.5411716,4.5201693,4.466238,4.4234257
262,4.5174646,4.5054355,4.5117316,4.439618,4.429251,4.567863,4.532157,4.4960184,4.4456334,4.4057574
263,4.538375,4.524446,4.51893,4.452026,4.4431,4.5956693,4.5130196,4.4940457,4.451747,4.4143205
264,4.535208,4.5064483,4.486045,4.442938,4.43296,4.6027517,4.517423,4.4778666,4.4413595,4.4041996
265,4.589664,4.583044,4.5296426,4.496435,4.454912,4.6299467,4.4996977,4.4876356,4.484048,4.4441023
266,4.56116,4.575072,4.5179496,4.4875546,4.4542522,4.591421,4.5347857,4.5045276,4.469552,4.446315
267,4.523656,4.5355554,4.4409056,4.469193,4.4319167,4.538582,4.472584,4.4717607,4.4201136,4.4144964
268,4.5150704,4.518184,4.4652615,4.4090953,4.3972173,4.539239,4.490373,4.4571104,4.4289484,4.420334
269,4.564518,4.5467625,4.5166855,4.4351764,4.4787774,4.5689955,4.508768,4.4862437,4.461002,4.452964
270,4.571087,4.5613008,4.540055,4.490706,4.46759,4.5815916,4.50363,4.4965987,4.5175343,4.4735837
271,4.5410943,4.5616956,4.5326233,4.496445,4.4817686,4.5467963,4.5188026,4.4881167,4.507101,4.4680524
272,4.539781,4.5346336,4.518652,4.485138,4.450234,4.566803,4.4978895,4.4820557,4.478771,4.496927
273,4.5243444,4.540921,4.502766,4.5009966,4.475288,4.509909,4.5239444,4.5013742,4.5134616,4.4717956
274,4.504698,4.5138617,4.4876204,4.4471073,4.464438,4.5332837,4.494956,4.5320816,4.475058,4.4538813
275,4.525548,4.5135674,4.4823704,4.4633474,4.464505,4.519647,4.50049,4.50641,4.483596,4.4598265
276,4.5048766,4.480035,4.4859366,4.4431787,4.460805,4.513879,4.473686,4.4581227,4.457685,4.4533706
277,4.524736,4.488134,4.5017467,4.4525204,4.4765882,4.5247345,4.48054,4.480564,4.481525,4.476981
278,4.5296965,4.493803,4.4843097,4.4842386,4.480245,4.5002694,4.4790726,4.4657264,4.4919367,4.47968
279,4.504149,4.5072236,4.494358,4.5325003,4.4976687,4.5422754,4.5007877,4.483836,4.5651975,4.482496
280,4.523393,4.530274,4.502056,4.521129,4.502192,4.5261106,4.483716,4.5284557,4.514242,4.515061
281,4.509052,4.5201497,4.5127816,4.5048695,4.5001497,4.5419307,4.505584,4.4962325,4.5099607,4.5123653
282,4.5176506,4.495133,4.4976363,4.5217643,4.4956503,4.539684,4.4828286,4.4988556,4.5036583,4.482308
283,4.534969,4.5049744,4.521557,4.536532,4.5181017,4.520869,4.5074725,4.5067167,4.625093,4.491676
284,4.555538,4.4958005,4.531271,4.5414824,4.541432,4.52688,4.5196934,4.5509243,4.5459433,4.5280795
285,4.579298,4.5389795,4.5652986,4.5890937,4.5653806,4.5318394,4.5570884,4.554056,4.576564,4.5551443
286,4.5922856,4.554544,4.5806217,4.57525,4.5694137,4.5311465,4.580847,4.5787954,4.5615363,4.55933
287,4.6187987,4.6077724,4.625043,4.6232405,4.6094804,4.617413,4.626687,4.6338625,4.660212,4.604442
288,4.6919003,4.614492,4.640596,4.635414,4.628552,4.593979,4.6162667,4.65595,4.656266,4.6201596
289,4.637596,4.6144834,4.647496,4.654332,4.625824,4.602895,4.614618,4.6198277,4.679475,4.618634
290,4.5946217,4.585456,4.6236954,4.612693,4.5939116,4.581083,4.6098714,4.648244,4.6026034,4.5958576
291,4.5995955,4.5766077,4.6367626,4.6118073,4.5992646,4.584314,4.5664554,4.632383,4.636974,4.5869803
292,4.578374,4.561334,4.629736,4.6016445,4.5937004,4.57209,4.5610404,4.6075397,4.635911,4.5805497
293,4.6151505,4.5562787,4.6038923,4.6030316,4.58974,4.5960007,4.557815,4.60497,4.6377654,4.5720773
294,4.6057353,4.592189,4.639355,4.597005,4.592366,4.6008105,4.5744095,4.6081386,4.606294,4.5824633
295,4.5579453,4.5950346,4.6196127,4.5776086,4.576619,4.590493,4.570053,4.6142197,4.5898967,4.553868
296,4.5826683,4.611931,4.6387653,4.5910025,4.593878,4.6078167,4.5976834,4.6352725,4.615173,4.580863
297,4.582297,4.5906634,4.6463294,4.636671,4.605276,4.609336,4.5875406,4.62638,4.6129203,4.5890827
298,4.622969,4.616751,4.660622,4.6469646,4.606799,4.598778,4.6391897,4.6237354,4.651232,4.574605
299,4.582851,4.6127024,4.618095,4.599907,4.595052,4.582313,4.5700727,4.6132607,4.658087,4.6063566
300,4.5954328,4.5995855,4.6355186,4.6061716,4.5854077,4.5860643,4.5798144,4.617715,4.6096563,4.5871277
301,4.642613,4.6263237,4.6477757,4.658243,4.6191025,4.5949235,4.611954,4.6367464,4.638496,4.6097703
302,4.6463747,4.685387,4.666575,4.650594,4.6367826,4.631517,4.63853,4.651763,4.6479864,4.6563244
303,4.6191874,4.6260285,4.6510487,4.63594,4.6048393,4.611403,4.6145296,4.6396456,4.6196685,4.6152825
304,4.617669,4.678544,4.614645,4.6061826,4.6016245,4.612115,4.661259,4.6370225,4.6112037,4.631498
305,4.6390395,4.7007904,4.685914,4.6358457,4.6204457,4.6492295,4.674317,4.682291,4.688409,4.6217785
306,4.664226,4.667075,4.684539,4.671526,4.6456904,4.6640234,4.6566553,4.7022266,4.6954675,4.652004
307,4.6672173,4.6808257,4.709323,4.6638947,4.6559896,4.67995,4.6872582,4.7214813,4.6728477,4.652653
308,4.654195,4.639831,4.688078,4.6559997,4.640109,4.6712327,4.6683326,4.6783423,4.679023,4.6476693
309,4.690561,4.7231884,4.6893253,4.68365,4.651025,4.72017,4.7164087,4.6921744,4.7247696,4.6638837
310,4.708756,4.688611,4.705588,4.6940846,4.6551695,4.7098536,4.6847177,4.687608,4.704061,4.6584253
311,4.6743226,4.666288,4.6665993,4.6413236,4.6512065,4.756474,4.669173,4.7008204,4.684258,4.628855
312,4.704083,4.6627192,4.6888933,4.676018,4.653727,4.7353387,4.704845,4.6780677,4.708865,4.6431913
313,4.6654477,4.6568923,4.6780257,4.672676,4.634081,4.749827,4.674262,4.676443,4.67641,4.672501
314,4.6305776,4.679867,4.6643543,4.661638,4.6230326,4.68295,4.6627746,4.647872,4.6914062,4.641105
315,4.635869,4.6595716,4.644983,4.653618,4.606332,4.705595,4.632526,4.646401,4.6792874,4.628094
316,4.666324,4.6788945,4.651027,4.68692,4.6309843,4.721041,4.6768265,4.6532016,4.694049,4.657191
317,4.633649,4.650551,4.657726,4.671548,4.626512,4.682532,4.627311,4.6391063,4.643072,4.6283994
318,4.5791497,4.5933847,4.6247716,4.6114497,4.578021,4.613703,4.5984745,4.6002994,4.599802,4.5915723
319,4.5699673,4.548002,4.5760574,4.5719724,4.540457,4.568292,4.5773263,4.567573,4.563177,4.559192
320,4.5832357,4.5712404,4.590321,4.576186,4.5447416,4.5780396,4.5495768,4.565984,4.5619135,4.555936
321,4.5955224,4.562851,4.5954533,4.5598006,4.5511565,4.5756326,4.5922446,4.567559,4.570651,4.5852933
322,4.544845,4.5673847,4.594851,4.5592394,4.5620375,4.5607758,4.56328,4.581054,4.577155,4.565506
323,4.570331,4.5632534,4.5905128,4.5391955,4.542342,4.5714073,4.5516706,4.5725102,4.557711,4.5694933
324,4.5710526,4.5816393,4.6302915,4.5510173,4.553704,4.6011796,4.581983,4.581542,4.5687275,4.578466
325,4.555904,4.5764832,4.598201,4.593967,4.537717,4.5958247,4.585277,4.574917,4.555561,4.5718055
326,4.5664377,4.586961,4.5981245,4.5464807,4.547434,4.6076126,4.601304,4.593044,4.560445,4.579186
327,4.5750203,4.5948553,4.619353,4.558374,4.54736,4.629394,4.601887,4.6060123,4.58695,4.5982733
328,4.573176,4.5921373,4.6268735,4.569325,4.5559907,4.624957,4.594863,4.5941415,4.5746913,4.5998564
329,4.559647,4.5915194,4.601614,4.577545,4.5496287,4.6290736,4.6053057,4.6038995,4.570801,4.5682006
330,4.578422,4.5944734,4.591718,4.5677023,4.568507,4.6096535,4.5953627,4.596683,4.571162,4.596909
331,4.587746,4.5863967,4.6080737,4.5792522,4.561488,4.635851,4.636032,4.592609,4.573599,4.5658097
332,4.57456,4.6192703,4.611719,4.568305,4.552965,4.6107864,4.607456,4.5885854,4.5743074,4.586627
333,4.5598383,4.582577,4.5866485,4.5695868,4.5410137,4.6361127,4.577561,4.5677996,4.5572615,4.5536466
334,4.5484023,4.5775685,4.590125,4.571419,4.5433717,4.620122,4.585921,4.626737,4.6068335,4.584118
335,4.5580854,4.568103,4.5870705,4.5661836,4.546809,4.6207323,4.584458,4.5805407,4.555362,4.5599236
336,4.5634174,4.5714808,4.5707493,4.5709248,4.5612717,4.618453,4.584148,4.564016,4.5572953,4.5816
337,4.532234,4.562757,4.5687838,4.5699725,4.527231,4.5997972,4.572674,4.5462236,4.6383395,4.547481
338,4.5326595,4.511851,4.517418,4.535512,4.499651,4.5388274,4.512628,4.5186305,4.5084558,4.532425
339,4.5445457,4.5312896,4.5338364,4.5444617,4.514396,4.579884,4.5401535,4.5412374,4.510442,4.5327663
340,4.5310297,4.517679,4.5187545,4.536438,4.489376,4.5534396,4.525325,4.5206976,4.513012,4.5009813
341,4.5302362,4.524312,4.5278087,4.4942513,4.4984045,4.576906,4.548116,4.511008,4.519298,4.534277
342,4.5667257,4.5516233,4.5652795,4.5674505,4.5296364,4.6026487,4.5725994,4.553491,4.5518594,4.5619655
343,4.560379,4.5465813,4.5690885,4.5694494,4.5244474,4.5649576,4.570928,4.5598083,4.546873,4.560264
344,4.5677195,4.5524106,4.546741,4.5766845,4.53524,4.5741844,4.5573072,4.570152,4.553518,4.567963
345,4.5930448,4.5610256,4.5676713,4.580764,4.5545297,4.6077914,4.5880847,4.5861416,4.6204777,4.5563307
346,4.5689793,4.549236,4.5576854,4.520457,4.531006,4.5979524,4.590532,4.567117,4.642034,4.5527844
347,4.546613,4.5275216,4.5493484,4.5276723,4.5142736,4.568244,4.5325346,4.5504932,4.541671,4.5274477
348,4.529689,4.5198464,4.5528975,4.496262,4.506088,4.537382,4.5356717,4.554487,4.5411887,4.545196
349,4.5524554,4.535188,4.5423074,4.5180507,4.5175548,4.543315,4.5623875,4.5394516,4.5890884,4.556436
350,4.540778,4.535049,4.563437,4.5064178,4.512821,4.553261,4.540677,4.53957,4.583609,4.553739
351,4.566042,4.5361414,4.5682397,4.511566,4.5320163,4.556673,4.564248,4.538173,4.566574,4.536743
352,4.580115,4.5723276,4.5916796,4.56286,4.548645,4.5567765,4.580696,4.580222,4.5811853,4.5598464
353,4.5748734,4.557918,4.5914774,4.556694,4.5486827,4.5912337,4.573445,4.601042,4.5812926,4.5877876
354,4.550123,4.5508013,4.580254,4.5554724,4.5426764,4.593975,4.5779552,4.588155,4.5791163,4.5787067
355,4.565597,4.5371723,4.5708914,4.5749874,4.5410094,4.5904636,4.6081505,4.5927787,4.574913,4.555056
356,4.5681405,4.544509,4.5843687,4.549079,4.5576897,4.6042585,4.584612,4.610027,4.609362,4.5989366
357,4.610775,4.5648813,4.6104,4.604832,4.5818524,4.6237664,4.5850863,4.6460266,4.659578,4.5979643
358,4.5905395,4.5889096,4.615359,4.5882964,4.5822005,4.6238384,4.6016197,4.6224194,4.586397,4.6214557
359,4.57388,4.5453215,4.589735,4.6155367,4.5598116,4.591606,4.5752397,4.6046,4.641063,4.5755706
360,4.563329,4.5614023,4.571772,4.583029,4.5605245,4.562582,4.565433,4.60083,4.577479,4.6015477
361,4.600346,4.5635815,4.5942507,4.6025457,4.582773,4.6111565,4.628664,4.655204,4.612483,4.61673
362,4.665009,4.6337667,4.662566,4.644955,4.6390114,4.6404023,4.70364,4.647678,4.7124124,4.6396217
363,4.674934,4.6459594,4.6775737,4.6595154,4.652909,4.6945558,4.660663,4.7097344,4.677286,4.6782613
364,4.6761703,4.6331043,4.706335,4.694416,4.6549215,4.663862,4.6995907,4.6856017,4.667379,4.662804
365,4.7308536,4.661965,4.7275124,4.728371,4.693459,4.6961513,4.696063,4.731386,4.726237,4.726704
366,4.751328,4.7086086,4.734933,4.733078,4.7222137,4.7174625,4.731954,4.751576,4.7393866,4.763221
367,4.772813,4.721808,4.7538366,4.762334,4.728325,4.7362213,4.743497,4.7562623,4.721926,4.741824
368,4.7709975,4.7208114,4.7879505,4.755134,4.744696,4.770669,4.7486343,4.8304563,4.7902746,4.7587576
369,4.776788,4.7150617,4.7886295,4.7526455,4.7300863,4.762366,4.7686925,4.790496,4.770255,4.7372594
370,4.7295933,4.678986,4.722377,4.7169437,4.717463,4.7420607,4.7211485,4.7799277,4.751334,4.7214394
371,4.7224097,4.690051,4.7696505,4.7250237,4.704869,4.7228785,4.702284,4.8430095,4.745785,4.7108264
372,4.712742,4.7014937,4.724358,4.7264347,4.711623,4.711181,4.696681,4.7284513,4.7429523,4.7087927
373,4.780443,4.7457914,4.8221035,4.759426,4.7548666,4.7640676,4.808466,4.814197,4.8274755,4.756832
374,4.749358,4.708091,4.8061624,4.7481,4.7398934,4.740719,4.72738,4.7796206,4.742586,4.735153
375,4.691315,4.683841,4.765263,4.6994243,4.699752,4.6869874,4.701339,4.759693,4.7366486,4.726396
376,4.682724,4.65981,4.764679,4.696712,4.6969905,4.705351,4.7310047,4.720032,4.726086,4.6887207
377,4.6790557,4.7021766,4.7758145,4.710367,4.704537,4.701887,4.713996,4.7528405,4.7306604,4.723798
378,4.6761527,4.702605,4.768342,4.6893063,4.7001143,4.681688,4.6675997,4.755688,4.700549,4.686933
379,4.713817,4.7184224,4.772133,4.728635,4.711986,4.719246,4.716127,4.75465,4.7783556,4.696057
380,4.7506933,4.7459903,4.7808433,4.7418594,4.7412887,4.725425,4.704969,4.7631497,4.7526555,4.7252307
381,4.848127,4.804105,4.8740544,4.8180156,4.799002,4.8237624,4.8316827,4.8538594,4.862154,4.7864738
382,4.8409657,4.826752,4.86947,4.827117,4.8201256,4.805541,4.803324,4.8473577,4.7926683,4.802445
383,4.8111153,4.8262153,4.8828645,4.81172,4.805117,4.808539,4.810463,4.8474054,4.820454,4.804058
384,4.8248167,4.79152,4.8860173,4.8200455,4.8115497,4.851547,4.8174996,4.8876925,4.8216195,4.8090124
385,4.8558736,4.829801,4.8930373,4.828097,4.8199863,4.8405995,4.858753,4.8552074,4.8330073,4.819961
386,4.8177533,4.826208,4.8675795,4.799355,4.8040094,4.830359,4.8013835,4.8278155,4.8118744,4.799032
387,4.791476,4.797037,4.8438773,4.7874107,4.784771,4.8362083,4.8069396,4.833164,4.8124647,4.775249
388,4.810474,4.809935,4.838318,4.78869,4.7880273,4.8055997,4.7887883,4.842903,4.8087482,4.7731476
389,4.8257737,4.8321404,4.8557205,4.8028674,4.8038893,4.8519926,4.850811,4.804083,4.821814,4.783273
390,4.838696,4.8848577,4.850753,4.7866654,4.825649,4.862763,4.830367,4.817458,4.8436303,4.802727
391,4.8444595,4.8229527,4.8524003,4.791686,4.8262043,4.814497,4.8208013,4.8467083,4.8435144,4.801756
392,4.8376226,4.8181534,4.881616,4.8043003,4.8147902,4.8183784,4.8015485,4.8327312,4.8123603,4.7923155
393,4.7866373,4.7844024,4.8328657,4.7947755,4.779678,4.7731357,4.7822385,4.8130407,4.8024073,4.7582126
394,4.7226973,4.7119555,4.7718205,4.721976,4.724598,4.7144923,4.714977,4.748478,4.735978,4.6991663
395,4.6677566,4.7082276,4.736314,4.66654,4.6861525,4.734533,4.69342,4.6989636,4.6991806,4.6634145
396,4.654922,4.716726,4.7254777,4.657891,4.6760583,4.6729336,4.7092214,4.689026,4.6896453,4.6519547
397,4.632719,4.692495,4.7190924,4.6804075,4.65938,4.6642213,4.604808,4.6690574,4.648216,4.629247
398,4.6648183,4.6783695,4.743617,4.6974254,4.680509,4.6775594,4.633892,4.692443,4.6839848,4.650753
399,4.665491,4.696588,4.7515125,4.7217374,4.689287,4.7022924,4.6738133,4.7007895,4.652384,4.6557045
400,4.6869683,4.695603,4.7424936,4.734731,4.697952,4.6974754,4.704689,4.704152,4.6961164,4.6695604
401,4.6709075,4.7221146,4.72227,4.72858,4.6771936,4.677134,4.6930447,4.6920824,4.6457934,4.646325
402,4.6930323,4.6381164,4.6768856,4.677049,4.649036,4.6395884,4.68031,4.685966,4.6685553,4.628284
403,4.6332545,4.604027,4.654962,4.6037526,4.5966563,4.595168,4.6177816,4.620968,4.6057715,4.568195
404,4.605175,4.595424,4.6052957,4.5660753,4.549245,4.566239,4.5699844,4.588943,4.5531783,4.524898
405,4.604591,4.6479836,4.6136966,4.5313845,4.5615625,4.582416,4.596518,4.6001196,4.5512276,4.533156
406,4.6621456,4.7046514,4.6638093,4.5908933,4.601177,4.627306,4.6399918,4.6292825,4.6210327,4.5807195
407,4.641467,4.6668787,4.658656,4.607282,4.6025567,4.639442,4.6748757,4.670258,4.591183,4.581453
408,4.606285,4.669475,4.6514482,4.53061,4.5538244,4.606139,4.6399193,4.6153855,4.5846567,4.5409613
409,4.6280704,4.639402,4.6069746,4.531423,4.5518026,4.612822,4.6255536,4.6254187,4.557234,4.5425196
410,4.579913,4.666829,4.5778565,4.5161533,4.531826,4.569269,4.593266,4.5884495,4.5541577,4.525793
411,4.5704393,4.606451,4.5561686,4.4977565,4.523786,4.6002073,4.5647497,4.572258,4.529958,4.51591
412,4.580072,4.5736394,4.5660815,4.503919,4.5226636,4.6017437,4.5761604,4.556682,4.5318146,4.5145617
413,4.5513606,4.5562606,4.550719,4.496365,4.5137362,4.5858088,4.5702963,4.5527883,4.5224886,4.4972916
414,4.5714645,4.5964866,4.571741,4.496948,4.530711,4.621212,4.5774746,4.5749664,4.538919,4.5171003
415,4.640303,4.685729,4.6381745,4.6009326,4.5950427,4.6658087,4.6494365,4.650629,4.6061835,4.575062
416,4.6816297,4.729771,4.6626167,4.6360784,4.623957,4.67492,4.676953,4.6597686,4.6365576,4.603217
417,4.6720595,4.720343,4.678893,4.595098,4.621032,4.711071,4.6810346,4.6661005,4.6475015,4.6071687
418,4.7226987,4.7503643,4.7130594,4.638725,4.659622,4.7265964,4.715041,4.7038727,4.688191,4.6486144
419,4.7370806,4.717999,4.717984,4.6841354,4.6782727,4.7428985,4.737976,4.7238812,4.6745877,4.6693344
420,4.7813506,4.7334886,4.698584,4.736551,4.712025,4.787694,4.7748423,4.7298026,4.7050676,4.7036037
421,4.799802,4.73145,4.7263722,4.7347593,4.735033,4.7887554,4.764196,4.779439,4.75558,4.727755
422,4.797796,4.810834,4.730562,4.7267556,4.7262735,4.75144,4.773385,4.739434,4.7718515,4.7293305
423,4.7914386,4.8111987,4.750239,4.7334514,4.7326508,4.781541,4.802937,4.7858324,4.782906,4.736356
424,4.8416443,4.816121,4.744821,4.745469,4.7444506,4.821431,4.781456,4.7965436,4.793617,4.7463403
425,4.8178,4.7269483,4.7462416,4.7457275,4.7436733,4.7898045,4.7652416,4.759991,4.7888713,4.7420673
426,4.758677,4.684791,4.7293043,4.7351794,4.729669,4.801683,4.744539,4.733038,4.7683,4.7224746
427,4.744258,4.7056446,4.7564526,4.7362533,4.730803,4.766045,4.7536426,4.765894,4.7637124,4.7174807
428,4.740265,4.7078013,4.77244,4.7358913,4.7345023,4.771815,4.705241,4.7480516,4.75249,4.716123
429,4.7083616,4.665149,4.749083,4.7211065,4.7136455,4.7071447,4.675155,4.7264347,4.7254405,4.6994033
430,4.7309375,4.669607,4.75089,4.6868405,4.7001367,4.680143,4.6638107,4.7203507,4.711193,4.6731577
431,4.781747,4.754196,4.8142405,4.7828364,4.754701,4.7063594,4.7350445,4.777364,4.7919803,4.741407
432,4.8201494,4.78967,4.874721,4.813139,4.8123655,4.8251257,4.7931895,4.858122,4.837879,4.7856145
433,4.822025,4.7963314,4.884021,4.827253,4.8238344,4.8456397,4.798322,4.8584514,4.8216224,4.8086534
434,4.791173,4.8062625,4.8654876,4.8141003,4.807143,4.8095016,4.8032207,4.843386,4.81389,4.800068
435,4.7791395,4.775954,4.8166647,4.794945,4.7866993,4.7449894,4.7687426,4.8168783,4.8289814,4.7885933
436,4.726841,4.7522235,4.8106823,4.766859,4.7622657,4.7045636,4.7451487,4.7975063,4.806221,4.761377
437,4.715037,4.738405,4.7996445,4.747806,4.745295,4.690838,4.727232,4.8400536,4.781278,4.73639
438,4.718169,4.746951,4.790708,4.7475567,4.742278,4.666568,4.7255287,4.7925553,4.7658825,4.7295127
439,4.666501,4.7354817,4.7414465,4.714112,4.7088246,4.6608477,4.692318,4.773129,4.7464385,4.684443
440,4.6906137,4.7468777,4.741838,4.70081,4.710161,4.6601,4.7381353,4.740314,4.7223225,4.684656
441,4.684551,4.67025,4.7470937,4.743399,4.7132754,4.673758,4.7205834,4.77016,4.722967,4.6851954
442,4.7668405,4.780178,4.7642503,4.7232027,4.7314086,4.7184987,4.726786,4.7731276,4.744518,4.706884
443,4.6632786,4.734453,4.728774,4.6940594,4.6717954,4.692813,4.6860104,4.69543,4.6808224,4.644831
444,4.6286645,4.672286,4.6561074,4.5998726,4.615684,4.610565,4.6047816,4.6775556,4.6379905,4.5868053
445,4.6598325,4.6622515,4.67547,4.6155114,4.6350684,4.673313,4.642134,4.678001,4.6344643,4.603295
446,4.6839705,4.710288,4.693714,4.6700797,4.6493583,4.6646175,4.6771426,4.6745324,4.6391296,4.6190443
447,4.6536613,4.7155533,4.685123,4.6457224,4.6310983,4.6438966,4.671081,4.676021,4.6427026,4.613164
448,4.594944,4.676931,4.635705,4.611358,4.586344,4.6434345,4.617936,4.612827,4.5987215,4.567096
449,4.6047583,4.630493,4.599128,4.5907764,4.582402,4.624595,4.639069,4.63529,4.5851655,4.5560427
450,4.596504,4.6301355,4.6285095,4.5918536,4.585162,4.618677,4.606168,4.6091247,4.5836573,4.5565476
451,4.618937,4.6518087,4.591286,4.611366,4.604575,4.630104,4.645805,4.637022,4.6068068,4.5878253
452,4.6180944,4.62872,4.6696334,4.6292133,4.6045923,4.6310205,4.6364183,4.639101,4.616538,4.594176
453,4.626046,4.62962,4.6144423,4.5994287,4.595671,4.629574,4.6593175,4.618731,4.615283,4.5732727
454,4.6259847,4.5990667,4.704422,4.605233,4.603154,4.6424766,4.6589704,4.617507,4.58859,4.573984
455,4.6234417,4.641604,4.632536,4.610267,4.597842,4.6560917,4.6569376,4.6066394,4.603714,4.5701914
456,4.6614037,4.707157,4.7032857,4.640013,4.6222034,4.652525,4.677552,4.664572,4.629718,4.5978436
457,4.6336813,4.6954107,4.6564813,4.6290855,4.6051545,4.6294003,4.649523,4.6151724,4.609166,4.6028514
458,4.616262,4.6459317,4.6456556,4.56873,4.571344,4.6114945,4.6223273,4.575931,4.6001525,4.5393705
459,4.6435933,4.6513143,4.6169314,4.578945,4.583043,4.63556,4.624251,4.590935,4.644087,4.5769677
460,4.637717,4.630536,4.6154966,4.6072845,4.5840282,4.632244,4.615055,4.599733,4.5563273,4.55334
461,4.592754,4.5745006,4.590726,4.5726213,4.5469155,4.58778,4.558032,4.565016,4.5664,4.5265326
462,4.6228766,4.6271734,4.6092176,4.560799,4.569641,4.630687,4.599517,4.5812006,4.5809264,4.5609865
463,4.6553507,4.6595087,4.6653347,4.638361,4.5928335,4.632193,4.62567,4.607217,4.6339264,4.578422
464,4.6769605,4.6395454,4.63143,4.627915,4.6059113,4.706388,4.648665,4.665128,4.6099305,4.6137424
465,4.6569257,4.6638265,4.648167,4.606132,4.6163316,4.645644,4.669376,4.6690826,4.6410003,4.6095076
466,4.6925974,4.6550035,4.666694,4.6341615,4.63655,4.6960135,4.687702,4.655629,4.6631603,4.6308746
467,4.6834326,4.69249,4.682602,4.6429386,4.6488833,4.691708,4.698076,4.7052865,4.6564207,4.6425223
468,4.6454134,4.629881,4.6456776,4.6102386,4.616467,4.697094,4.6437526,4.6834383,4.6389165,4.6080065
469,4.650317,4.630269,4.6365747,4.617265,4.6196737,4.645612,4.633575,4.658358,4.64551,4.6097646
470,4.6746645,4.6777744,4.679279,4.6503997,4.654102,4.671271,4.6385274,4.7018466,4.6766944,4.6410074
471,4.6731014,4.6812906,4.6854105,4.659665,4.6603603,4.6711445,4.6857142,4.685159,4.6832457,4.656506
472,4.6782794,4.695747,4.6869736,4.670219,4.6714,4.6924014,4.6655407,4.7074857,4.6938066,4.6566877
473,4.6878514,4.671278,4.709308,4.682564,4.6711183,4.71128,4.653589,4.7065635,4.691559,4.6525474
474,4.683334,4.6847954,4.689011,4.6700854,4.6680408,4.6744943,4.67518,4.71211,4.6873407,4.6490583
475,4.662724,4.67267,4.681039,4.6656857,4.6633515,4.6874976,4.672969,4.728891,4.6823897,4.6455383
476,4.6571374,4.6491027,4.703701,4.6669436,4.6609063,4.6444573,4.6789155,4.671349,4.6841764,4.648076
477,4.67912,4.695691,4.7235518,4.6897635,4.6851206,4.713585,4.671254,4.703069,4.70719,4.6964817
478,4.673844,4.6696596,4.6999598,4.6718698,4.6643105,4.664921,4.6598883,4.679947,4.7224994,4.649182
479,4.6942453,4.6730895,4.705803,4.675458,4.6707425,4.656334,4.6875834,4.708824,4.6740375,4.65413
480,4.700131,4.69792,4.7046566,4.692488,4.684588,4.6738296,4.678879,4.71947,4.710123,4.670672
481,4.7055054,4.7207046,4.7445054,4.707785,4.702771,4.732968,4.69958,4.738805,4.721839,4.688041
482,4.6827035,4.7101836,4.7274203,4.6927886,4.6870365,4.7104926,4.6885552,4.704055,4.7122746,4.6739874
483,4.6913843,4.6659527,4.726461,4.663347,4.6813197,4.681849,4.681568,4.715298,4.7042055,4.6656046
484,4.747402,4.6806955,4.7413726,4.750821,4.728562,4.715772,4.7352257,4.753451,4.789452,4.7174845
485,4.6305165,4.608031,4.6745796,4.636682,4.631198,4.6217046,4.616069,4.6816115,4.670363,4.617418
486,4.508765,4.5402756,4.58516,4.553551,4.5349855,4.5097985,4.5445404,4.5644674,4.572312,4.5216093
487,4.413031,4.467509,4.5053043,4.4744344,4.4624414,4.419943,4.470134,4.495517,4.508838,4.449881
488,4.3320494,4.381835,4.4191356,4.3811507,4.383949,4.3563643,4.371314,4.4032793,4.3802133,4.36802
489,4.306435,4.387916,4.3599873,4.3511558,4.3618774,4.342035,4.3647213,4.388552,4.3583574,4.3477416
490,4.3294783,4.404757,4.4202914,4.367149,4.381252,4.3669457,4.380428,4.4114265,4.3767476,4.364841
491,4.358047,4.4323335,4.431214,4.3823104,4.4004254,4.3907113,4.4184957,4.4329014,4.3977127,4.3820257
492,4.3621955,4.4665623,4.460673,4.3817163,4.407758,4.4284267,4.438041,4.438796,4.3907986,4.3840966
493,4.3699465,4.446154,4.409853,4.357836,4.381105,4.4196267,4.420458,4.4142375,4.3812776,4.3620787
494,4.3515873,4.4342318,4.4116535,4.335889,4.359469,4.399632,4.439963,4.4021215,4.367548,4.350088
495,4.354534,4.4271874,4.402119,4.330818,4.348031,4.385791,4.43985,4.401722,4.355722,4.353012
496,4.355355,4.4510107,4.3871255,4.321617,4.3521004,4.419432,4.4040027,4.382075,4.336932,4.3420672
497,4.351322,4.4202995,4.36023,4.3013434,4.3259025,4.405308,4.3903737,4.3534718,4.3196025,4.336842
498,4.3584323,4.399127,4.3359585,4.282787,4.3034763,4.396087,4.352529,4.320196,4.295782,4.300339
499,4.334319,4.396218,4.298427,4.3175216,4.299961,4.410343,4.3519483,4.322082,4.2687254,4.2820487
500,4.3356423,4.416193,4.300631,4.3106236,4.2895813,4.405719,4.343528,4.310376,4.2573805,4.2701216
501,4.307681,4.407306,4.275984,4.285948,4.265093,4.361993,4.3396893,4.3232183,4.240351,4.249636
502,4.329442,4.3674355,4.2385836,4.2456636,4.224587,4.3122697,4.3038797,4.28273,4.202142,4.2138715
503,4.348064,4.33787,4.269709,4.251509,4.2235765,4.3236322,4.2692356,4.266707,4.219249,4.2228823
504,4.3293757,4.3210473,4.2601743,4.188278,4.22407,4.3864365,4.2792683,4.2657986,4.2191687,4.225898
505,4.355129,4.285208,4.252725,4.2020645,4.2379003,4.356307,4.3398724,4.269686,4.2249737,4.232431
506,4.333283,4.2417755,4.219467,4.1783195,4.2105207,4.386197,4.3035464,4.277136,4.2068357,4.215409
507,4.314172,4.2612324,4.246564,4.189133,4.228005,4.3886957,4.2979527,4.295862,4.223723,4.2352204
508,4.369651,4.2656374,4.2629957,4.2146187,4.23958,4.4175067,4.282955,4.272631,4.237115,4.2497325
509,4.3678994,4.2747064,4.2653017,4.222378,4.2424254,4.383114,4.296992,4.2695074,4.2376394,4.2543964
510,4.338158,4.2783675,4.256528,4.234835,4.262834,4.3639193,4.257438,4.286651,4.254161,4.2721972
511,4.3136973,4.2814155,4.271227,4.256825,4.2529945,4.345656,4.2583914,4.303565,4.2505846,4.2696033
512,4.260398,4.2761064,4.2445765,4.252325,4.2681117,4.35485,4.2624574,4.307811,4.2471843,4.2719593
513,4.22511,4.240512,4.2539034,4.198254,4.2533193,4.2680216,4.219351,4.2600465,4.238154,4.254833
514,4.2354918,4.2629642,4.238671,4.2592187,4.245302,4.2511253,4.2500663,4.2774253,4.259192,4.2765374
515,4.249382,4.2707562,4.264529,4.2728558,4.2644734,4.2311316,4.297363,4.2960773,4.2775545,4.2956643
516,4.209899,4.2410316,4.2451997,4.247996,4.237094,4.218358,4.27711,4.2686176,4.2486906,4.268162
517,4.2298265,4.2751923,4.25287,4.270157,4.262042,4.2513037,4.2680845,4.3122206,4.2674327,4.2883396
518,4.262769,4.2888865,4.2671394,4.2869043,4.3116417,4.260467,4.287576,4.2897935,4.3197994,4.3079004
519,4.2540965,4.2837076,4.2672606,4.293076,4.3024235,4.252734,4.284817,4.295635,4.279705,4.2978063
520,4.272498,4.29346,4.2911677,4.307976,4.3191957,4.2885056,4.2956886,4.3377175,4.2973323,4.314964
521,4.3500094,4.347167,4.3406696,4.338689,4.3818326,4.3362727,4.350564,4.389123,4.395637,4.375092
522,4.3197145,4.335531,4.341363,4.318358,4.359113,4.324117,4.322623,4.35677,4.3739386,4.3594017
523,4.3182054,4.2992554,4.3004456,4.2779446,4.3233767,4.286543,4.3052177,4.330808,4.3124785,4.3229866
524,4.30812,4.307821,4.3009725,4.3093643,4.3247623,4.294979,4.2677026,4.320065,4.3049707,4.31836
525,4.339503,4.3103037,4.3290176,4.3117394,4.339535,4.315515,4.2954574,4.3263397,4.3200536,4.3389153
526,4.2888365,4.302946,4.2851644,4.302227,4.318453,4.286623,4.3243012,4.285109,4.3100033,4.312121
527,4.2707853,4.290027,4.2782955,4.2776566,4.3141003,4.2657075,4.27929,4.285057,4.2982907,4.301721
528,4.31021,4.3037887,4.3016653,4.3105693,4.331076,4.302601,4.2827525,4.3301377,4.3221545,4.323426
529,4.347876,4.346205,4.3353095,4.3463526,4.3739595,4.319845,4.3232994,4.3563814,4.356495,4.3600717
530,4.312792,4.3270526,4.322721,4.342104,4.3558164,4.300299,4.3382335,4.340407,4.344412,4.340484
531,4.364193,4.370964,4.3436437,4.37599,4.3927217,4.3494916,4.353007,4.3752093,4.4044514,4.381501
532,4.3914175,4.3666787,4.3819547,4.3859587,4.4055157,4.3757772,4.3686357,4.4177747,4.3933578,4.394468
533,4.3855624,4.3689766,4.372699,4.3847065,4.4033914,4.3741894,4.359026,4.3584495,4.397105,4.3919616
534,4.3319426,4.339213,4.3544736,4.353221,4.3794136,4.3454857,4.3622,4.359724,4.399215,4.370759
535,4.3568106,4.348893,4.3677974,4.3630934,4.3791537,4.3459435,4.3315096,4.3910913,4.389739,4.371734
536,4.4080105,4.3838043,4.40199,4.4214087,4.415586,4.385414,4.4113054,4.4332347,4.4317493,4.4042864
537,4.4244823,4.4094462,4.413495,4.431527,4.432078,4.4067554,4.4217134,4.4010606,4.44296,4.4123454
538,4.410339,4.406726,4.4109573,4.430596,4.4399867,4.4109073,4.402141,4.4174366,4.4366097,4.4144073
539,4.38141,4.368043,4.4293246,4.4148407,4.4181323,4.372602,4.3752265,4.4046745,4.4210114,4.3966293
540,4.3545547,4.361697,4.3780065,4.3634214,4.3625765,4.355017,4.350616,4.411514,4.3859177,4.375686
541,4.363131,4.3873777,4.379543,4.379025,4.389785,4.3590183,4.357763,4.377251,4.3644304,4.3786216
542,4.3803606,4.385545,4.3892984,4.402795,4.385503,4.3610463,4.3647075,4.370876,4.4187255,4.389564
543,4.4642386,4.4378724,4.4429483,4.4636188,4.4660044,4.41641,4.4253173,4.4350467,4.4673257,4.4471817
544,4.437081,4.3910227,4.477533,4.458395,4.449716,4.4051065,4.4352856,4.4610796,4.472688,4.438594
545,4.4216514,4.365853,4.4491687,4.409941,4.424799,4.3865004,4.4214506,4.4303546,4.450659,4.420758
546,4.406817,4.3628016,4.417374,4.4310803,4.4202347,4.4041567,4.4203377,4.4241652,4.4477277,4.4157114
547,4.3848495,4.341709,4.3901587,4.405089,4.398382,4.390963,4.3906236,4.4655848,4.412082,4.397996
548,4.38647,4.3804607,4.381973,4.399507,4.3634477,4.381547,4.3817782,4.4167304,4.4216323,4.395093
549,4.367695,4.349546,4.3646984,4.39064,4.3802366,4.3657193,4.36651,4.374849,4.369829,4.381989
550,4.349149,4.3289332,4.4102964,4.3363485,4.361279,4.3147917,4.347369,4.3508644,4.3584523,4.363985
551,4.3642797,4.3219876,4.4252067,4.352003,4.38185,4.350194,4.365781,4.3879266,4.370476,4.37877
552,4.367666,4.328787,4.426206,4.367462,4.385243,4.369241,4.3507514,4.3681087,4.4075685,4.380238
553,4.4439564,4.4123225,4.4370646,4.4286523,4.4363017,4.463381,4.414975,4.4727755,4.470092,4.4440703
554,4.4332514,4.3970666,4.4162006,4.4024086,4.4204235,4.427074,4.452235,4.4558096,4.4554043,4.427482
555,4.474774,4.3881574,4.4247465,4.3990765,4.3976603,4.4238725,4.443963,4.4611244,4.4989214,4.439945
556,4.376955,4.3706326,4.3767996,4.396906,4.378999,4.401897,4.4343038,4.495717,4.4256234,4.3997602
557,4.2978177,4.301212,4.3125167,4.3204713,4.298436,4.3737416,4.332275,4.351342,4.3649945,4.3462873
558,4.283332,4.305893,4.2956676,4.301339,4.276897,4.3387923,4.3497562,4.351491,4.3625765,4.323919
559,4.365425,4.325333,4.3884296,4.3401885,4.316341,4.384038,4.3712316,4.3764343,4.4022613,4.3715754
560,4.286418,4.2683187,4.298407,4.287611,4.2819743,4.2677007,4.279213,4.3441343,4.294986,4.31718
561,4.174892,4.17983,4.2535553,4.2080555,4.185032,4.235996,4.264927,4.2926826,4.225114,4.238238
562,4.139695,4.155222,4.2014,4.1443353,4.1632113,4.1913986,4.1807356,4.180399,4.2140245,4.1933846
563,4.100004,4.1325817,4.167241,4.1514573,4.1556783,4.197,4.0917897,4.201003,4.165078,4.177545
564,4.0503497,4.100338,4.112386,4.114783,4.125192,4.1500053,4.1701965,4.21376,4.128283,4.147458
565,4.0432143,4.1058707,4.1240788,4.1002417,4.1100726,4.1393456,4.1247883,4.1069655,4.1131234,4.1318836
566,4.057455,4.1253786,4.1375628,4.0973215,4.1136546,4.114822,4.144824,4.2129087,4.1096807,4.1304727
567,4.1285977,4.144816,4.1861033,4.130529,4.15418,4.1202283,4.180779,4.151466,4.1504903,4.1746974
568,4.18238,4.16933,4.2167525,4.1721067,4.1978154,4.212076,4.223354,4.161969,4.1939883,4.2219114
569,4.158527,4.1709375,4.194944,4.1791334,4.1908374,4.227276,4.214135,4.2063246,4.2001143,4.225532
570,4.12901,4.1517396,4.164207,4.151963,4.1657977,4.198208,4.195182,4.199595,4.1870213,4.206842
571,4.154487,4.1399302,4.165125,4.172316,4.1767097,4.196641,4.243937,4.215853,4.197528,4.2208257
572,4.183294,4.195701,4.1783586,4.189795,4.1909513,4.1868844,4.26074,4.1510496,4.2236404,4.2372465
573,4.1922364,4.2137628,4.191526,4.204373,4.2152476,4.224992,4.2188306,4.2119713,4.2471175,4.261614
574,4.2479033,4.2527523,4.232012,4.248055,4.25334,4.309513,4.328214,4.2609177,4.2919707,4.3078547
575,4.3220506,4.3633733,4.296245,4.3070703,4.309296,4.3594995,4.349655,4.305966,4.3806005,4.366618
576,4.268944,4.2952924,4.2756004,4.2910075,4.298014,4.3333893,4.28364,4.2895784,4.3794017,4.3553424
577,4.3682766,4.357421,4.3471503,4.3333106,4.3504133,4.409637,4.4149585,4.348383,4.467412,4.4118195
578,4.3776407,4.384358,4.3267856,4.361509,4.3655224,4.39101,4.4658833,4.3665977,4.456937,4.4285903
579,4.4668694,4.4142604,4.376061,4.3975863,4.4089885,4.4792957,4.443106,4.4202933,4.4995894,4.4790187
580,4.465225,4.4102955,4.4012537,4.409397,4.4117503,4.5074916,4.4084425,4.4162154,4.559618,4.4842424
581,4.4434853,4.3839846,4.3805146,4.3942356,4.3935685,4.4714,4.380352,4.3947797,4.470762,4.466503
582,4.3743596,4.326275,4.3243713,4.3355207,4.347073,4.4185452,4.3129196,4.430676,4.4214463,4.4073987
583,4.4245157,4.357416,4.333377,4.3681297,4.3763266,4.4609694,4.338263,4.4274693,4.4495096,4.428898
584,4.384461,4.3670316,4.3500338,4.3879466,4.3890285,4.4217896,4.3505445,4.4138107,4.425333,4.437228
585,4.388015,4.321571,4.342256,4.3742957,4.3746433,4.411721,4.334322,4.4076724,4.4286895,4.4255576
586,4.354015,4.311749,4.3325033,4.3632283,4.3651414,4.391504,4.313285,4.412966,4.4374447,4.407816
587,4.3555236,4.321418,4.360097,4.3793435,4.379275,4.352361,4.397466,4.3995204,4.449064,4.42224
588,4.344742,4.3115616,4.351919,4.383278,4.3623347,4.2958174,4.386371,4.391957,4.44423,4.4188786
589,4.318428,4.27943,4.3839555,4.3781652,4.3872485,4.2972183,4.3112464,4.3922014,4.438076,4.410323
590,4.340556,4.301801,4.3552623,4.3770924,4.381607,4.317305,4.342072,4.389522,4.439665,4.411926
591,4.3147855,4.310302,4.4092956,4.3793273,4.381848,4.2955556,4.380416,4.374583,4.4124365,4.4103055
592,4.303056,4.2841897,4.392196,4.350966,4.3709636,4.286571,4.318203,4.4145923,4.370752,4.394701
593,4.2932196,4.2789836,4.359248,4.3650937,4.375635,4.2966566,4.3584595,4.3418107,4.4213715,4.4009147
594,4.298119,4.2894707,4.334922,4.3621907,4.3495655,4.295309,4.3641024,4.408901,4.4060197,4.397891
595,4.280205,4.3480096,4.36717,4.356519,4.378001,4.309653,4.3862224,4.4038434,4.3982053,4.402471
596,4.2895336,4.323149,4.333498,4.341236,4.361611,4.2790146,4.360004,4.350926,4.385599,4.384162
597,4.3008294,4.3590565,4.3631425,4.3539853,4.3483396,4.2912793,4.3792973,4.342847,4.3779235,4.3869004
598,4.2966633,4.33455,4.326467,4.3544803,4.3708158,4.297789,4.408904,4.3829107,4.3765,4.3856015
599,4.352098,4.3844194,4.361375,4.4020557,4.4166594,4.344357,4.3776646,4.4035754,4.415826,4.4255037
600,4.3662214,4.3997793,4.3783035,4.407137,4.4271145,4.4270477,4.462427,4.4373894,4.433472,4.442653
601,4.377219,4.4159727,4.4212747,4.4102263,4.413562,4.404802,4.4255247,4.4478283,4.442801,4.451445
602,4.4321284,4.4477725,4.4377613,4.4429893,4.4635973,4.461179,4.5190845,4.5495725,4.5003786,4.4797883
603,4.449636,4.4606066,4.4471555,4.465358,4.45421,4.477732,4.5031905,4.5120363,4.5038404,4.4920897
604,4.4352007,4.439141,4.433745,4.445358,4.475076,4.4245324,4.4812956,4.5330296,4.504261,4.4717083
605,4.4266233,4.420647,4.398054,4.422524,4.4433475,4.4746604,4.4285226,4.4206743,4.4626164,4.445456
606,4.412823,4.4104567,4.3700185,4.4043546,4.4343367,4.4660482,4.452586,4.397425,4.3787603,4.4246445
607,4.4256225,4.4155803,4.376009,4.4043922,4.426801,4.463701,4.4447713,4.4068227,4.3992496,4.421745
